design_type,efficacy_score,student_engagement,learning_outcome,ai_detection_rate,student_satisfaction,implementation_cost,faculty_workload,class_size,subject
Traditional,0.20387134040188362,0.6746488896833883,0.7659333203204988,0.6378979483176453,0.7844616204769567,High,High,87,STEM
Traditional,0.2349663842540965,0.6196626826163025,0.5782804424387202,0.22731046361823753,0.42035879890528893,High,High,175,Social Sciences
Traditional,0.28946324619667657,0.8155228461550137,0.8169484308236841,0.25203652864022763,0.5910188876220801,Medium,Low,139,Humanities
Traditional,0.11823684773940439,0.6381026611186793,0.6659034521987811,0.7352330065323113,0.7924955822448801,High,Medium,35,Humanities
Traditional,0.2727349212801669,0.18412970596810208,0.8091036487647887,0.5672633785427226,0.7018144813217717,Medium,Low,137,Social Sciences
Traditional,0.216984296126017,0.2838641802763136,0.6794084798698152,0.13574982659816226,0.9186177995736091,Medium,Medium,15,Social Sciences
Traditional,0.21918028843410697,0.5082673501523887,0.7332244558160689,0.535418802420524,0.36317585015288345,High,Medium,17,Humanities
Traditional,0.20176656004768587,0.7372828509134285,0.74929949567137,0.32435055935036883,0.4773621265242457,Medium,High,102,STEM
Traditional,0.21852633045691258,0.6254328957245758,0.6212701687040488,0.6153498181936252,0.971238556208404,High,High,70,Humanities
Traditional,0.2732209411932396,0.4664941106278982,0.728029673850297,0.3040989868666384,0.521855847110014,High,High,85,Humanities
Traditional,0.21055494067624703,0.8601092345994378,0.648671489887502,0.35034667811100173,0.6445483089085432,High,Low,26,STEM
Traditional,0.15989457438791407,0.7197869469185839,0.5496642422446318,0.6282820582976707,0.6732362368681309,Medium,Low,61,Humanities
Traditional,0.09918102392719895,0.7418689616152456,0.6815666807966961,-0.12165460946839801,0.4249420722463452,Low,Low,58,Humanities
Traditional,0.2865554811141072,0.7584539157079457,0.7712246298694052,0.27366361713420573,0.6260993670182824,Low,Low,184,Social Sciences
Traditional,0.10857622626567741,0.872913112069819,0.44515578229483793,0.5556168086428338,0.7508036932481074,Medium,Medium,77,Humanities
Traditional,0.21162784556843428,0.5705562032268334,0.658251103085652,0.6916028016625703,0.7534536826524447,Medium,Medium,199,Humanities
Traditional,0.2773452170136508,0.42193980153205923,0.7861518757796168,0.6010305922960955,0.38837131686427745,High,Low,109,STEM
Traditional,0.09701337918630129,0.43388751906695533,0.7710307677599909,0.6167255867405417,0.7277031951125797,High,Medium,38,Humanities
Traditional,0.1954793019496787,0.3090308178312019,0.3773466328513339,0.4440038144215491,0.6612360600560799,High,Medium,23,Social Sciences
Traditional,0.10864363592074433,0.6073030602076056,0.7031693718643487,0.41825171891098983,0.92640467977006,Low,Low,76,STEM
Traditional,0.08522449046166836,0.7587554666307095,0.7144360409212226,0.49078830523390315,0.6538092100903309,Low,High,58,Humanities
Traditional,0.22675716148694458,0.7595882480460147,0.6558400999187194,0.5434694825460316,0.6461542999391633,Low,Medium,155,Humanities
Traditional,0.17966590160884166,0.8537455330646453,0.6026557085524977,0.7073618610282498,0.6233474542583337,Low,Low,125,Social Sciences
Traditional,0.23614894274307374,0.5938667507321996,0.729820636626047,0.4426026494358481,0.7879441241770934,Low,Low,115,STEM
Traditional,0.21322404767911615,0.6323950105630478,0.34076455752664186,0.5636100210841051,0.6877822041272004,Low,Medium,56,Social Sciences
Traditional,0.2056345892379171,0.724327373623403,0.9291648017975646,0.8976252562927303,0.6970412707496374,High,High,47,Humanities
Traditional,0.08336839471369897,0.6749423696492012,0.7826727000960478,0.7209842669448486,0.7276690338616958,High,High,65,Humanities
Traditional,0.07767818493699463,0.7848082357662756,0.42168496813564355,0.12253633584981077,0.6604361517876204,Medium,Low,25,Social Sciences
Traditional,0.19413871907413188,0.6000777585426103,0.7686001870113027,0.5443785186258132,0.3603604994472045,Low,High,151,STEM
Traditional,0.28791134682629865,0.4783383812765034,0.677746564534785,0.19591568924792924,0.7987281131260439,Low,High,51,Humanities
Process-Oriented,0.663401965687082,0.4830638304308124,0.6208629292493563,0.8120636436507885,0.5539971827844475,Low,Medium,185,STEM
Process-Oriented,0.6647604324004215,0.6234294749157439,0.7781388578039602,0.5156815915316998,0.4735456661919287,Medium,High,124,Humanities
Process-Oriented,0.6342811370785499,0.47037160859819066,0.8660709200323281,0.8525855386714758,0.5466001068310398,High,Low,78,Social Sciences
Process-Oriented,0.6681629696657088,0.722971336498919,0.5572286520975367,0.3281119991459621,0.5822173470460611,Low,Low,94,Humanities
Process-Oriented,0.665059712137049,0.7029611398068774,0.8251773852751013,0.685316650503138,0.6886626867798359,Medium,Low,54,Social Sciences
Process-Oriented,0.7273899607408548,0.7511492213157648,0.5074813095581778,0.6615175784708679,0.7271455019477178,Low,Medium,186,Social Sciences
Process-Oriented,0.6582820137920634,0.60072713258483,0.8499227822007912,0.5664783997894876,0.7830643273642162,Low,Medium,58,STEM
Process-Oriented,0.4344927053983222,0.5620907693717276,0.7104995105973991,0.45192407686441843,0.4414317675171357,Medium,High,68,Social Sciences
Process-Oriented,0.8607590852354164,0.7866752564521153,0.9060919077070314,0.6360093208933792,0.48285568264572754,Medium,High,142,Humanities
Process-Oriented,0.7077084215332142,0.6126833631941756,0.7595978653960607,0.44312769899300875,0.4145700123004883,Medium,Low,59,Humanities
Process-Oriented,0.7389313090095865,0.7067553316947042,0.6831370939096211,0.13430781331663838,0.611877088315506,High,Low,157,STEM
Process-Oriented,0.7414960724451548,0.32873228364781026,0.6380184516487093,0.43145383427444817,0.7496064686758556,Medium,High,125,STEM
Process-Oriented,0.6810391153468944,0.5574240285946301,0.7290864063884354,0.30275867918622845,0.48519966959045346,Medium,Medium,49,Humanities
Process-Oriented,0.7276368664216633,0.49834290496317657,0.902698456106037,0.7762313025027541,0.6650248421159018,Low,High,143,Humanities
Process-Oriented,0.8048568583492504,0.5448062611178099,0.8318765349036041,0.36601220119310746,0.8146982397169498,High,High,199,STEM
Process-Oriented,0.6626576198600697,0.6299436247944235,0.8464740561031736,0.207011631762354,0.6368655921812661,Low,Low,185,STEM
Process-Oriented,0.7789154289746466,0.6925256557446743,0.5082665160054358,0.39906716241780854,0.5629167725025587,High,High,76,Humanities
Process-Oriented,0.6458683836472373,0.8204470879485977,0.687204451744087,0.2987073735176532,0.621660066845255,Low,Medium,95,Social Sciences
Process-Oriented,0.779002857588845,0.2748033263383209,0.5349304407088369,0.5067624984835705,0.647046147281577,Medium,Medium,18,STEM
Process-Oriented,0.637761010991068,0.6887630368518278,0.7689552784881054,0.6098729966344314,0.5939491024489233,Low,Low,43,Social Sciences
Process-Oriented,0.7220937433687968,0.6921991536062944,0.8092760728129106,0.5152102522975756,0.55536189713521,High,High,95,Social Sciences
Process-Oriented,0.716738656529427,0.4067940234059172,0.7152869900649728,0.7948111105911666,0.7131803248012984,Low,Medium,114,STEM
Process-Oriented,0.5751259409406452,0.501752729046428,0.602472970054588,0.39926935708857014,0.5858512371583677,Medium,Low,134,Humanities
Process-Oriented,0.7510845270446573,0.6295479679187503,0.6774406587680015,0.4961505114232445,0.9424522264303903,Medium,Low,123,Humanities
Process-Oriented,0.6059331071644303,0.5516006446512514,0.7922482605801581,0.45690236396439016,0.9393949243471591,High,High,36,Humanities
Process-Oriented,0.6831296809397588,0.5384473752513719,0.5359184370987611,0.41339069183664784,0.7891348571415333,Low,High,151,STEM
Process-Oriented,0.8858296755554588,0.3494612273914751,0.5848758175171027,0.46689708056122975,0.7639393179976222,High,Low,146,STEM
Process-Oriented,0.7650983080292972,0.8303685334434255,0.7819395285382637,0.4544863370389616,0.8930007505727093,Low,Medium,26,Humanities
Process-Oriented,0.7437081000220621,0.48441891426728734,0.6981269374316846,0.7233053000720738,0.5518868258094298,High,High,108,Humanities
Process-Oriented,0.8171055166734478,0.9089485233060313,0.6088904786042184,0.6015266376153118,0.6472745960922601,Low,Low,105,Humanities
Oral Defense,0.8263753936523675,0.6513962162972574,0.6923281067217709,0.6948716036634222,0.6850436366596385,Medium,Low,74,Humanities
Oral Defense,0.9415061908694529,0.5587291376825586,0.6713391846606982,0.5226467107511429,0.9085680962520957,Medium,High,181,Humanities
Oral Defense,0.8816299317865577,0.40057376140874934,0.5671300748883119,0.185638302557805,0.6467002372774431,Medium,High,28,Social Sciences
Oral Defense,0.9316051415095207,0.606583841809175,0.5991962653245919,0.47692935120890834,0.6262256612692395,High,High,42,Social Sciences
Oral Defense,0.9633901828954032,0.4084336036589561,0.6815384782337757,0.20059930619486843,0.7276799371927751,Low,Medium,191,STEM
Oral Defense,0.9936081204752154,0.5979560613630464,0.69552458426383,0.7190540263571008,0.6767897063647255,Medium,High,132,Social Sciences
Oral Defense,0.8714895177190484,0.5598205208555859,0.571818593733402,0.4915972329428863,0.373081448125415,Medium,High,155,Social Sciences
Oral Defense,0.9026018978832214,0.7952907564078294,0.43633868030216155,0.3879005098163591,0.7510846107590543,Medium,Low,52,Social Sciences
Oral Defense,0.9675938502433947,0.9261787878761827,0.5398095811872891,0.7226319901342915,0.5254277838207682,Medium,High,116,STEM
Oral Defense,0.8905203803772462,0.6622226630690342,0.6367774034643775,0.34230392033486595,0.6860458998373488,High,High,194,STEM
Oral Defense,0.7925360846408044,0.6808553590345712,0.5867248926815825,0.27534476346202275,0.5470616963972322,Low,Medium,24,Social Sciences
Oral Defense,0.9801646679534423,0.2840586406709875,0.7846077938538281,0.15269897275648647,0.662745216650113,Medium,High,78,Social Sciences
Oral Defense,0.9931965480484295,0.5478230780047874,0.7083790281090565,0.3533335735507123,0.6219254710313273,Low,High,159,STEM
Oral Defense,0.7389565653555451,0.7363823396727536,0.7137118374659053,0.4136684443993075,0.609614942278676,Medium,Medium,147,Humanities
Oral Defense,1.0,0.5646884773258554,0.7641058372394491,0.4927604835218029,0.6249930216576728,High,Low,180,Social Sciences
Oral Defense,0.7559067626933599,0.8325189684430534,0.8385585366030376,0.24489804870127785,0.8614616052899987,Low,Low,68,STEM
Oral Defense,0.934591293055062,0.7145260064238335,0.4676343956917761,0.5674869708630373,0.5655938335699693,Low,Low,161,Humanities
Oral Defense,0.9146845476674231,0.36851582018987694,0.6531835454965415,0.6092807443483889,0.6429124217558196,Low,Medium,165,STEM
Oral Defense,0.9455588004211057,0.6032872837238068,0.9853331335301103,0.7866890476458218,0.6598763254839182,Medium,Low,40,Humanities
Oral Defense,1.0,0.5484523489633109,0.6580610587154176,0.6954138481810459,0.6111407980813829,Low,High,181,Social Sciences
Oral Defense,0.8266214780317926,0.6819549961439787,0.6526541963091764,0.35647591108618654,0.46373984841893845,Medium,Medium,60,Social Sciences
Oral Defense,1.0,0.6132698720984336,0.7247355278384906,0.6642002619974374,0.8210120267564219,Low,Medium,174,STEM
Oral Defense,0.8044193915850224,0.6710936666416423,0.6456424988149811,0.3439605618743762,0.4403530429901919,High,High,15,Humanities
Oral Defense,0.89403123969149,0.5711642704047237,0.36637127841418343,0.2608605144866545,0.8336407692921148,Low,High,175,Humanities
Oral Defense,0.8603342164876715,0.7400254907778515,0.85253223819324,0.1831808754921872,0.5803174805204556,Medium,High,48,Humanities
Oral Defense,0.8572977583757436,0.43681448255269767,0.6510183567938116,0.6863022459497778,0.48965362568345183,Low,Low,106,Social Sciences
Oral Defense,0.816980031142166,0.5927487769943373,0.4751875063822343,0.24136520385880716,0.49067333270522645,Medium,High,74,Social Sciences
Oral Defense,0.8645688068235949,0.5369639989960368,0.824672187964728,0.6139218482321204,0.5526568051681887,Low,High,19,Social Sciences
Oral Defense,0.7946401431314659,0.8357389866226814,0.815575656470557,0.6457221364901163,0.597783245878963,High,High,149,STEM
Oral Defense,0.7779134854596487,0.5085419828502895,0.7239470347216338,0.36659584361494646,0.6728026652453074,Medium,High,92,Humanities
Project-Based,0.5850215746246348,0.7923384585006028,0.5076945157314157,0.43390333193578856,0.5583669245546605,Medium,Medium,111,Social Sciences
Project-Based,0.5227747788986172,0.483153017917873,0.8808732356355109,0.5567540909219766,0.5126383135509616,Medium,Low,44,Social Sciences
Project-Based,0.6704986194312479,0.41441992343054634,0.639314857779064,0.40055305755790555,0.8523671284226741,High,High,172,STEM
Project-Based,0.43479786285460886,0.6717598148350239,0.6372267096669143,0.4560555580073423,0.7241345056805336,Low,High,186,Social Sciences
Project-Based,0.6431419061579267,0.4727768908777067,0.8467450887863702,0.6361639642596488,0.7209713681340559,Low,Low,28,STEM
Project-Based,0.618021562894445,0.7037274928325201,0.7346509607299642,0.5824188551273819,0.7503963546447759,Low,Medium,113,Social Sciences
Project-Based,0.6107584734916207,0.4965221686961368,0.7092461991312882,0.6189794241363643,0.7123217870250053,Low,High,122,STEM
Project-Based,0.37093405624842213,0.6376219887987503,0.8590618887352752,0.7222550396181433,0.8763842027130507,High,Medium,90,Social Sciences
Project-Based,0.605792463910363,0.5730706053144031,0.5300662689089027,0.40849234864909933,0.2947486189069504,High,High,71,Humanities
Project-Based,0.6121749379301729,0.8883056642138911,0.5969148116270384,0.2705340506943037,0.6356700799396469,Low,High,106,Social Sciences
Project-Based,0.7272005824838691,0.6736223642122218,0.6600991846369885,0.45817284549878623,0.7062826727389576,Low,Medium,170,Social Sciences
Project-Based,0.593195643537313,0.6147959614370725,0.7984985054458549,0.7183315642365462,0.4187310066450647,High,High,54,Humanities
Project-Based,0.45153046716373935,0.611741152824882,0.6680642818735847,0.4144681830293198,0.5125510237506021,Low,Low,66,Humanities
Project-Based,0.772317333533957,0.4889305945485335,0.7255473860231131,0.2606826580998888,0.5666399636592586,Low,Low,182,Humanities
Project-Based,0.59107254471852,0.5006928802410388,0.4885586333534879,0.7109140140960539,0.5977518317661983,Low,Low,182,Social Sciences
Project-Based,0.5086925848778614,0.23590569708826242,0.5518126577675246,0.1443424819377121,0.5524032437042871,Medium,Medium,172,Humanities
Project-Based,0.7190244345460943,0.565276837086871,0.5270472146114855,0.7233511560375451,0.5697399852456623,High,Medium,184,Social Sciences
Project-Based,0.6419235617537805,0.5938184273544946,0.7842908848781098,0.6631199255476175,0.626916026828096,Medium,High,120,Social Sciences
Project-Based,0.6203835419032939,0.2597270141031971,0.9230732643616364,0.7686572309390022,0.5725427208905427,Medium,High,19,Humanities
Project-Based,0.6157234565812252,0.5658083595896265,0.7496178172889246,0.5227851550162433,0.3716056636998309,Low,Low,151,STEM
Project-Based,0.5618744008256249,0.4325849257037948,0.75720358737615,0.3644836051782788,0.6031827607325435,Medium,Medium,72,Humanities
Project-Based,0.5383239956970397,0.5832162360809332,0.6333244922033714,0.2663050763620861,0.8544097862015979,High,Medium,171,Social Sciences
Project-Based,0.736226382934308,0.46738542750989376,0.8100252956126656,0.4431105975234232,0.633963451317928,Low,Medium,86,Social Sciences
Project-Based,0.5705053433856333,0.7989015867967755,0.684583482082361,0.4906643696349617,0.5865914307292109,High,Low,47,STEM
Project-Based,0.5416838243235924,0.5645506136353462,0.7508601941423292,0.3208832774719185,0.46205171138916157,Low,Low,91,STEM
Project-Based,0.5450399225602024,0.7059337950389862,0.6656197438951786,0.45376028772420773,0.5775936804843796,Medium,Medium,171,Social Sciences
Project-Based,0.6628210668875572,0.543605544333344,0.6039853600949985,0.0847354304583583,1.0637072271015093,Low,Medium,28,Social Sciences
Project-Based,0.6031920820286366,0.5434607354847332,0.8560850633748598,0.6629496819890826,0.7730162368677261,Medium,High,192,Social Sciences
Project-Based,0.5747904779973344,0.8303392396925132,0.5937542366763391,0.4649074406894268,0.6613439826522096,Medium,High,103,Social Sciences
Project-Based,0.5955375981272327,0.823684528561239,0.6937782562706681,0.48577469666524103,0.7789577715004147,Low,Low,177,Social Sciences
Reflective,0.7716102741159929,0.8266139134428101,0.7188504257745867,0.5600228914442409,0.8140410478940641,Medium,Medium,185,Social Sciences
Reflective,0.5376308321669865,0.567132980895697,0.4807158778213065,0.8641531158824365,0.7131762623390304,Medium,Medium,56,Social Sciences
Reflective,0.5258604528302064,0.4474750893240101,0.8485998733205072,0.40902590606578004,0.7893848468523869,High,High,122,STEM
Reflective,0.6082010119727383,0.7533013760056452,0.5829567075225169,0.5261195436528783,0.521701883880132,Medium,Low,183,Social Sciences
Reflective,0.7258466009403418,0.728092154724954,0.6979600640203992,0.5208482510866309,0.9494109021644386,Low,High,17,Social Sciences
Reflective,0.5157523509847297,0.776186997021934,0.8084186923114571,0.3531939318843383,0.888063521032463,High,Medium,77,STEM
Reflective,0.8004698659706387,0.6797968905483571,0.8136257159515702,0.553732713516494,0.641943481250582,High,High,167,STEM
Reflective,0.7929964719379632,0.574236138031659,0.7531931778740157,0.8756979078630878,0.7427834018263622,Medium,Low,143,Social Sciences
Reflective,0.7635729949936251,0.681305017939232,0.864710784426857,0.6073539168678959,0.782286779490287,Low,Medium,78,Social Sciences
Reflective,0.7870092580599648,0.7120597839013192,0.8668193806720877,0.6084554062527832,0.4466398472297516,Medium,Medium,127,STEM
Reflective,0.5171969205155533,0.6398527097663662,0.5856253184281701,0.42034446002339676,0.42915881628244235,Low,High,119,STEM
Reflective,0.7843613368154202,0.8917146870259234,0.5859746481855661,0.6087889820682368,0.7202094012325705,Medium,Medium,65,STEM
Reflective,0.6809035403467091,0.8018462595725169,0.7427723202946724,0.5678846114251286,0.7321577758704845,Medium,High,70,Social Sciences
Reflective,0.6632619932493917,0.5742644260823585,0.8134812667410575,0.5842586482109396,0.7232732754873883,Medium,Low,69,Social Sciences
Reflective,0.7007462350824845,0.656472236241414,0.520422973012993,0.7410483893104622,0.38648433076625577,High,Medium,77,Social Sciences
Reflective,0.5950928990005885,0.6270152524135189,0.6915976964214401,0.2857715386852493,1.021587317887558,Medium,Low,45,STEM
Reflective,0.6826818454672359,0.4729872286553818,0.6051285017875191,0.4366060801160959,0.5333938711314347,Medium,Low,88,STEM
Reflective,0.488779346786259,0.4372780137208841,0.768088895350158,0.9761172402940774,0.8505414520231331,Medium,Medium,57,Humanities
Reflective,0.5620926606783521,0.3925366864842305,0.715376065167946,0.31132922048694833,0.4981626417824283,Low,Low,155,STEM
Reflective,0.6265632028860222,0.2972326845214709,0.7358088745180723,0.5161599220581993,0.43543557361083257,Low,Low,17,Humanities
Reflective,0.6664440523064812,0.4295929840697692,0.7647799447278555,0.7952664253871717,0.7681913176086786,Low,Low,21,STEM
Reflective,0.6815007557601316,0.7396057458874654,0.5693769174301166,0.3296676712246188,0.6364251733125315,Low,Low,159,Humanities
Reflective,0.46081525227418924,0.46752170505722324,0.6618341715163117,0.4466263844838383,0.8954261936237966,High,Low,198,Humanities
Reflective,0.7100808020600569,0.7140337029880957,0.7752213757204341,0.5250135787928311,0.6381091235670495,Low,Medium,84,Humanities
Reflective,0.8515646275800122,0.5992185666234892,0.7985636124919969,0.7538111573012798,0.6794219919878358,Low,High,23,Social Sciences
Reflective,0.783676812868552,0.6437640724878891,0.6564604129983853,0.9497471024950708,0.4828830260286717,High,High,145,Humanities
Reflective,0.49007732604333687,0.7533634063744075,0.5084524712956064,-0.030661813186672826,0.6188108706773716,High,Medium,134,STEM
Reflective,0.6358761204199747,0.5734985405426529,0.7502062546065718,0.41748818850107017,0.4727155295085859,High,Low,118,Social Sciences
Reflective,0.6102032331353577,0.7550912255700504,0.7349420262448239,0.3350460898511977,0.48912825489185624,Medium,Medium,83,Humanities
Reflective,0.7065949079596636,0.7522166124577379,0.45864001815247546,0.44223231493767395,0.7038896984821671,Low,Low,23,STEM
Peer-Review,0.7066332057289966,0.6748867940393452,0.5915336708170803,0.8105922850114625,0.7146640524018261,Medium,Low,24,Social Sciences
Peer-Review,0.43755259972772703,0.4973611271895898,0.4562038382119368,0.5515187950803309,0.8230227038608542,Medium,Low,163,STEM
Peer-Review,0.6055734031336064,0.4686842141294846,0.6073251191375094,0.3003111078090912,0.5169003188852156,Medium,Low,179,Social Sciences
Peer-Review,0.5433900559345253,0.4697969662788053,0.7555032130209663,0.4295826958410567,0.49829968570561056,Medium,Medium,17,Humanities
Peer-Review,0.6598199885518448,0.8596538048665581,0.8654927897488015,0.33087864014315704,0.7643775474710681,Medium,High,172,STEM
Peer-Review,0.49664947257854586,0.3683285435173874,0.447511476821894,0.2870830752322852,0.340944190028537,High,High,27,STEM
Peer-Review,0.44244702974013433,0.4808317820418195,0.5960028018019351,0.5827274297709459,0.5206665557952261,Low,Low,162,Humanities
Peer-Review,0.8130854794788398,0.8728245427596908,0.7190207031026946,0.7013189595486763,0.782002247524628,High,High,23,Social Sciences
Peer-Review,0.5017193002771669,0.40128450408609534,0.8007618589613206,0.746966077979447,0.764540810725882,High,Low,108,Humanities
Peer-Review,0.40136109792260766,0.5765987120609027,0.6807177774463872,0.6988823679498316,0.5578814390058139,Medium,Low,147,Social Sciences
Peer-Review,0.5368974248283747,0.5523613455990432,0.7880576958369337,0.16545231196189536,0.5343216391232228,High,Low,48,Social Sciences
Peer-Review,0.5349325846748293,0.41316142545822576,0.6313988110610061,0.6550576261410738,0.7953856796271477,Medium,High,89,Humanities
Peer-Review,0.43481737685548694,0.5031018602263396,0.722977596033378,0.8598227801685518,0.822734501920935,High,Low,136,Social Sciences
Peer-Review,0.7315086920867421,0.8046368215285996,0.690195345923948,0.36947660261487203,0.6535630718098764,Medium,Low,119,Humanities
Peer-Review,0.4444896296164084,0.6193748547815324,0.7100478840319415,0.5283806102671214,0.4111689854208376,Medium,Low,185,Social Sciences
Peer-Review,0.450884902230021,0.5997511711341863,0.6738732616121664,0.2951453749877696,0.6140154914407835,High,Low,185,Humanities
Peer-Review,0.5344869442519887,0.5493892136722848,0.5127253528878256,0.3066315452756617,0.7381353692844491,Medium,High,125,STEM
Peer-Review,0.39742522025035587,0.5108059598869722,0.45007208192345394,0.5756221665553054,0.6877019195525148,Medium,Medium,29,STEM
Peer-Review,0.5521036483396518,0.7444192975901788,0.6403794966494515,0.24439925619186065,0.7325473608418914,Low,Low,15,Humanities
Peer-Review,0.4379387311245117,0.6000203544967344,0.7297204975256318,0.4810614818627794,0.5009514166121467,Medium,Low,183,STEM
Peer-Review,0.2797744276795872,0.5127476918396291,0.625921697884112,0.6806174628670643,0.7411753569380686,Low,High,72,STEM
Peer-Review,0.4310647750081508,0.5753521072589014,0.7064987446493873,0.40894864722495117,0.5336475932280775,Medium,Low,68,Humanities
Peer-Review,0.4967931126253612,0.6877116174895838,0.7566252810397848,0.5061446943745854,1.199784418797716,High,High,75,Social Sciences
Peer-Review,0.469060544793954,0.6486568859461169,0.8568621266185316,0.41034952759910526,0.7579093162627819,Low,Low,183,Humanities
Peer-Review,0.5518504417026542,0.7958025851916514,0.8346386887070857,0.16041458161631594,0.6500638909802388,High,High,96,Humanities
Peer-Review,0.5829721550878033,0.6755486642681647,0.8419762402731845,0.029317540751500615,0.5798164414755236,Medium,High,96,STEM
Peer-Review,0.6076417044066266,0.6212863859647015,0.6924636616979994,0.25461283470610885,0.858191224416273,High,High,120,STEM
Peer-Review,0.5475963063218757,0.6128830093484133,0.8544281202279478,0.5232438440891051,0.6375398444315081,Low,High,70,STEM
Peer-Review,0.4917910289647329,0.6117599437763991,0.7328931224646825,0.165061812591212,0.9195703981751349,Low,Medium,128,Humanities
Peer-Review,0.6208680524157781,0.5968327352667567,0.7045700455921255,0.3256874776478304,0.48925437253125337,Medium,Medium,128,STEM
Multi-Stage,0.6343913812084848,0.5944594282838475,0.5566075644819288,0.3235614397430144,0.723428361890135,Medium,Medium,48,STEM
Multi-Stage,0.7963411034079698,0.6154401547087807,0.7047466186539452,0.6070260519422381,0.724582682195787,Low,Medium,86,STEM
Multi-Stage,0.7470408683179275,0.8674842940102214,0.7010844212848312,0.7049393193508762,0.3995731844790091,High,Medium,113,Social Sciences
Multi-Stage,0.7410662111030739,0.49793895356433193,0.8267090022626535,0.7722101708079583,0.45349783394576193,High,Low,144,Social Sciences
Multi-Stage,0.6475199142945931,0.4714633116831342,0.5848795230955692,0.5398452064268354,0.5576187741886142,Medium,Medium,125,STEM
Multi-Stage,0.7647788518307738,0.5142987740641608,0.6930365996784661,0.2579855981687651,0.6354687529931118,High,Low,171,Social Sciences
Multi-Stage,0.7952591268525585,0.5362780830149361,0.7197070452616074,0.6685631365453436,0.7112056233479638,High,Low,168,Social Sciences
Multi-Stage,0.7813238984673639,0.7290683485660904,0.6790894209027118,0.49041409755179166,0.4806659253915657,Medium,High,167,Social Sciences
Multi-Stage,0.6466092955546694,0.45496846423937004,0.8274276595833842,0.6073019972396685,0.6370376070230401,Medium,High,114,STEM
Multi-Stage,0.7969777907257858,0.662676462524986,0.8006196876784721,0.656479061321501,0.8133513260001269,High,Low,100,STEM
Multi-Stage,0.7008504342244575,0.6199485569436829,0.6338342143349862,0.21983747891207278,0.7619717558090736,Low,High,75,Social Sciences
Multi-Stage,0.9379214483627877,0.647183076316031,0.7217931673077016,0.5373413181251259,0.8326869026815781,Medium,Low,120,Social Sciences
Multi-Stage,0.7655234963091992,0.4899297782204204,0.85609891481607,0.8959380568208155,0.8058059126259246,High,Medium,180,STEM
Multi-Stage,0.7142642188682529,0.38363688306896765,0.6177892459813596,0.3220716605919196,0.3926939827084257,High,High,55,Social Sciences
Multi-Stage,0.7200479089928968,0.4517066025075194,0.6547997573778962,0.7718335135983978,0.5615473335820014,Low,High,141,STEM
Multi-Stage,0.5340780284568805,0.9054557153681468,0.8165801007166876,0.39548559492331736,0.7622383674393058,Medium,Medium,89,Humanities
Multi-Stage,0.6433066146970405,0.4111829809240599,0.7915838660790535,0.3323368927659349,0.6082567254847538,High,Low,119,STEM
Multi-Stage,0.8641517071478676,0.6835778970997576,0.7020388905630943,0.3993453619699101,0.5441493837835056,Medium,Low,61,Humanities
Multi-Stage,0.7812980462836441,0.7866050289287959,0.7493044064470545,0.255672914095761,0.5631134859991558,Medium,Low,136,Social Sciences
Multi-Stage,0.6560427476802339,0.5572813294933693,0.603329609356967,0.5722602229397322,0.2745571607163593,Low,High,172,STEM
Multi-Stage,0.8943707540562836,0.7930883993045236,0.7778795974583907,0.5310545581490798,0.3957402166388413,High,High,154,Social Sciences
Multi-Stage,0.6494334309256268,0.4166339136908463,0.5761644669451323,0.44883565513101054,0.5523613744753875,High,Low,105,Social Sciences
Multi-Stage,0.9538499437994254,0.6041028097234599,0.5356791872537303,0.2733567852127866,0.5087990021216174,Medium,High,75,Humanities
Multi-Stage,0.6355144367021145,0.6773681276136578,0.7146698849422408,0.5926077270539615,0.9530131478602595,High,High,172,Humanities
Multi-Stage,0.572080718715465,0.5027603164420732,0.6057250999824078,0.6774529581995136,0.6215939557972644,High,Medium,137,Social Sciences
Multi-Stage,0.6265913942539767,0.3966718635907066,0.746980640195233,0.12603044908202105,0.3529444800282306,High,Low,59,Social Sciences
Multi-Stage,0.7676779263996474,0.33995976054463506,0.7820804275970236,0.4497890530133731,0.3004387586163397,High,Low,146,Social Sciences
Multi-Stage,0.7413185948716539,0.47150992933982083,0.762510195195164,0.6303389945392008,0.5488099259476299,Medium,Low,46,STEM
Multi-Stage,0.8391483234347982,0.6162164567776034,0.6990549724987624,0.8009114239179502,0.5194878916526396,Medium,Low,171,STEM
Multi-Stage,0.6142941959591105,0.7273641489615401,0.7953881030434975,0.545157589740178,0.4931470643982804,Low,Medium,143,STEM
Scaffolded,0.6349783942171934,0.3801654150423833,0.6872784286403519,0.6667443363057265,0.6570694454220084,High,Low,94,Humanities
Scaffolded,0.6454157170213352,0.677664765382252,0.6352708872827866,0.6135519899380864,0.5335920588470308,Low,High,178,Humanities
Scaffolded,0.7234514364456671,0.39264919557477507,0.7387837534516208,0.5119516360449808,0.7502552150332743,Medium,Low,122,Humanities
Scaffolded,0.8491913601771627,0.7869603845742892,0.54121557369353,0.3388897703361492,0.8057154023950313,Medium,Low,123,Humanities
Scaffolded,0.7197535054679313,0.5430600449570572,0.6902274338451837,0.38496927396323866,0.7413703233080065,Low,High,147,Social Sciences
Scaffolded,0.7989619365395948,0.6634016303657552,0.825426816597556,0.788129018331219,0.6885286305863351,Low,Medium,186,STEM
Scaffolded,0.7476730621794684,0.7500066629615398,0.5861170487547155,0.6621021935917404,0.6955027558245651,High,Low,74,Humanities
Scaffolded,0.6785710013610818,0.6700833858728645,0.4676914727777425,0.4352296801239664,0.4953642097097176,Medium,High,35,Social Sciences
Scaffolded,0.7560649922522066,0.5714110010535716,0.6928576064105755,0.4059012541698258,0.4137204837603815,Low,High,47,Social Sciences
Scaffolded,0.5979653279274998,0.3040550745017225,0.8074906323897522,0.5079170648554645,0.6877269998599641,Medium,Low,70,Social Sciences
Scaffolded,0.6346202693540488,0.5149410285628742,0.6853324040230733,0.32918941809498226,0.8418861298781558,Low,High,55,Social Sciences
Scaffolded,0.6275498943333997,0.742549077844386,0.7959994023227539,0.44969956643453035,0.590022585412865,Medium,High,199,Humanities
Scaffolded,0.7358281871538498,0.46191732206648206,0.7570127738765215,0.5387643416109809,0.826560213947498,Low,Medium,126,STEM
Scaffolded,0.6722697564314309,0.8560088051562247,0.9430461010425831,0.6533850598105758,0.6819932308895371,Medium,Low,59,Humanities
Scaffolded,0.8026288464060909,0.5364720204812458,0.6338539823328271,0.4413696089601945,0.6654275406296695,High,Low,82,STEM
Scaffolded,0.8354928577660997,0.7776899445208207,0.6163909755830621,0.7897053734228384,0.527781577951756,High,Medium,55,STEM
Scaffolded,0.8157238157938022,0.7353462266762221,0.5966048515544208,0.6178008619453352,0.744358554938034,High,Medium,197,STEM
Scaffolded,0.5001614613864038,0.6748698902631838,0.6640911484339358,0.5025538949380074,0.807663492746922,High,High,163,Social Sciences
Scaffolded,0.8153588757327466,0.750533603578462,0.7129644713885402,0.6372011074980641,0.822104522197847,Medium,High,154,Social Sciences
Scaffolded,0.5895353755933989,0.6934490797209112,0.8990202653222121,0.404325506432276,0.7996973009921452,Medium,Low,29,Social Sciences
Scaffolded,0.8259196218124756,0.6090304716086995,0.8998705892517553,0.6732534271239603,0.8256112810258505,Low,Low,56,Social Sciences
Scaffolded,0.8542892689554996,0.6213764851185262,0.42316046769985177,0.34561526987946783,0.567175705700804,Medium,Medium,58,Social Sciences
Scaffolded,0.7720176300282501,0.3785508121308826,0.7073455128801046,0.5243172678183842,0.7155819004072999,High,Medium,161,STEM
Scaffolded,0.811282776286415,0.4005216230725682,0.659456736625458,0.40439550302978533,0.6016482022826053,Low,Medium,193,STEM
Scaffolded,0.6583315685563028,0.6401031616516242,0.5580679356065579,0.6804177510822321,0.7513278920658899,Low,Medium,64,Humanities
Scaffolded,0.5924686225046565,0.5270653220667344,0.6936511875416377,0.24648205686525465,0.36343780707363466,Medium,High,195,Humanities
Scaffolded,0.7947269958268994,0.7024783157126014,0.722514627014002,0.13017273423590114,0.5293787185469077,Medium,High,172,Social Sciences
Scaffolded,0.698210475281527,0.46095591771930583,0.6466333396353372,0.2817594995503663,0.7295228231546855,High,Medium,165,Social Sciences
Scaffolded,0.5867705853557179,0.4571898575344671,0.6424312079707021,0.4969869467114393,0.9925830968743228,Low,High,171,STEM
Scaffolded,0.7609917134389187,0.9029153726809236,0.8030856577451412,0.6723406583640178,0.7236461672589886,Medium,High,97,Social Sciences
