cascade_id,student_id,accused_by,accusation_date,evidence_strength,outcome,cascade_level,subject,sanction_level
C000,S102,S070,2026-04-05 21:49:54.128630,0.556827029523818,Appealed,0,PHYS,Probation
C000,S140,S074,2026-04-05 21:49:54.128630,0.6091188463832047,Pending,1,PHYS,Probation
C000,S133,S040,2026-04-12 21:49:54.128630,0.8576679518341038,Dismissed,2,PHYS,None
C000,S188,S100,2026-04-10 21:49:54.128630,0.7727146808399954,Upheld,3,CHEM,Expulsion
C000,S139,S143,2026-04-04 21:49:54.128630,0.4528164659646913,Dismissed,4,CS,Warning
C000,S078,S033,2026-04-06 21:49:54.128630,0.6231644763322488,Upheld,5,MATH,Probation
C000,S018,S134,2026-04-10 21:49:54.128630,0.8306738498699616,Dismissed,6,ENG,Probation
C000,S145,S039,2026-04-11 21:49:54.128630,0.3490891976250336,Dismissed,7,BIO,Warning
C000,S098,S189,2026-04-05 21:49:54.128630,0.9276194792289588,Pending,8,CHEM,Suspension
C000,S189,S128,2026-04-03 21:49:54.128630,0.7425595896385567,Upheld,9,ENG,None
C000,S069,S021,2026-04-12 21:49:54.128630,0.7453880690994046,Appealed,10,MATH,None
C000,S081,S103,2026-04-09 21:49:54.128630,0.2696923319720283,Upheld,11,BIO,Suspension
C000,S041,S072,2026-04-06 21:49:54.128630,0.44739488959586765,Dismissed,12,MATH,Expulsion
C000,S132,S030,2026-04-10 21:49:54.128630,0.8174544789054758,Pending,13,CS,None
C000,S188,S142,2026-04-09 21:49:54.128630,0.3312575490232708,Upheld,14,CHEM,Probation
C000,S128,S098,2026-04-11 21:49:54.128630,0.962797425233087,Upheld,15,CS,Expulsion
C000,S016,S148,2026-04-08 21:49:54.128630,0.7307612194771692,Appealed,16,MATH,Probation
C000,S135,S060,2026-04-11 21:49:54.128630,0.3103301799390246,Appealed,17,ENG,Suspension
C000,S156,S137,2026-04-08 21:49:54.128630,0.4755426836519282,Dismissed,18,ENG,Warning
C001,S184,S200,2026-06-24 21:49:54.141237,0.2719259408473994,Dismissed,0,CS,Probation
C001,S025,S107,2026-06-24 21:49:54.141237,0.7120027952402824,Pending,1,PHYS,Warning
C001,S086,S134,2026-06-29 21:49:54.141237,0.6862305178149923,Pending,2,BIO,Warning
C001,S079,S134,2026-07-01 21:49:54.141237,0.5430005945109516,Upheld,3,CHEM,Warning
C001,S112,S057,2026-07-01 21:49:54.141237,0.2019031207889615,Upheld,4,MATH,None
C001,S127,S077,2026-06-23 21:49:54.141237,0.6598729403172463,Upheld,5,MATH,Expulsion
C001,S041,S076,2026-06-24 21:49:54.141237,0.7377743803711806,Dismissed,6,BIO,Warning
C001,S149,S169,2026-06-27 21:49:54.141237,0.2594375780066134,Upheld,7,CS,Expulsion
C001,S058,S178,2026-06-23 21:49:54.141237,0.5855355671403507,Appealed,8,ENG,Warning
C002,S099,S175,2026-03-25 21:49:54.147468,0.3318233368285604,Pending,0,ENG,None
C002,S126,S027,2026-03-22 21:49:54.147468,0.3224417307872186,Pending,1,CHEM,Warning
C002,S030,S050,2026-03-25 21:49:54.147468,0.7787615177375891,Pending,2,PHYS,Expulsion
C002,S025,S178,2026-03-21 21:49:54.147468,0.528304639820721,Pending,3,BIO,Expulsion
C003,S146,S152,2026-04-11 21:49:54.151690,0.7716922719533714,Upheld,0,ENG,Warning
C003,S165,S118,2026-04-12 21:49:54.151690,0.5113520310417097,Upheld,1,CHEM,Warning
C003,S056,S058,2026-04-10 21:49:54.151690,0.6457713838801115,Upheld,2,MATH,Probation
C003,S132,S036,2026-04-15 21:49:54.151690,0.423496115709303,Upheld,3,CS,Suspension
C003,S075,S077,2026-04-12 21:49:54.151690,0.33890232520789426,Dismissed,4,PHYS,Warning
C003,S031,S034,2026-04-08 21:49:54.151690,0.8855999893175084,Dismissed,5,CS,Suspension
C003,S091,S070,2026-04-13 21:49:54.151690,0.3170328631294508,Dismissed,6,CHEM,None
C003,S131,S140,2026-04-10 21:49:54.151690,0.9346279456184082,Upheld,7,CHEM,Suspension
C003,S055,S160,2026-04-10 21:49:54.151690,0.6886809583286617,Upheld,8,CHEM,None
C003,S164,S052,2026-04-10 21:49:54.151690,0.597231701674348,Upheld,9,ENG,Expulsion
C003,S137,S109,2026-04-08 21:49:54.151690,0.9312885002559438,Dismissed,10,MATH,Probation
C003,S038,S129,2026-04-11 21:49:54.151690,0.7967763541591999,Dismissed,11,PHYS,Probation
C003,S149,S178,2026-04-10 21:49:54.151690,0.9455031323426683,Upheld,12,PHYS,Probation
C003,S189,S199,2026-04-12 21:49:54.151690,0.6306485723197951,Appealed,13,CS,Warning
C003,S020,S053,2026-04-13 21:49:54.151690,0.43464221764177957,Dismissed,14,CHEM,Warning
C003,S045,S153,2026-04-11 21:49:54.151690,0.803909703169817,Pending,15,PHYS,None
C003,S005,S122,2026-04-08 21:49:54.151690,0.7480007789021318,Upheld,16,CS,Probation
C004,S013,S164,2026-07-08 21:49:54.183570,0.9438617523747477,Dismissed,0,CHEM,Expulsion
C004,S112,S021,2026-07-15 21:49:54.183570,0.8813227691768876,Pending,1,CS,Warning
C004,S008,S059,2026-07-07 21:49:54.183570,0.6105079939524308,Dismissed,2,PHYS,Probation
C004,S014,S180,2026-07-08 21:49:54.183570,0.19926746342367832,Appealed,3,ENG,Warning
C004,S004,S038,2026-07-10 21:49:54.183570,0.5060506932658152,Pending,4,ENG,Warning
C004,S178,S166,2026-07-09 21:49:54.183570,0.6269684313332113,Upheld,5,MATH,Expulsion
C005,S102,S023,2026-07-22 21:49:54.199207,0.5876663365150431,Upheld,0,MATH,None
C005,S163,S057,2026-07-21 21:49:54.199207,0.7587858838362259,Upheld,1,MATH,Expulsion
C005,S111,S106,2026-07-21 21:49:54.199207,0.835442090559296,Upheld,2,BIO,Probation
C005,S122,S160,2026-07-22 21:49:54.199207,0.4305930990439727,Dismissed,3,BIO,None
C005,S175,S070,2026-07-21 21:49:54.199207,0.6227457430158085,Dismissed,4,CHEM,Warning
C005,S172,S003,2026-07-22 21:49:54.199207,0.6814228961300457,Pending,5,CHEM,Probation
C005,S143,S011,2026-07-20 21:49:54.199207,0.5967579351330444,Appealed,6,ENG,Warning
C005,S023,S181,2026-07-22 21:49:54.199207,0.42906695863601474,Upheld,7,MATH,Suspension
C006,S103,S177,2026-04-14 21:49:54.220273,0.7173254403134989,Pending,0,CHEM,Probation
C006,S112,S147,2026-04-19 21:49:54.220273,0.36837461952120437,Dismissed,1,CS,Probation
C006,S165,S135,2026-04-16 21:49:54.220273,0.7352228880835234,Dismissed,2,BIO,Expulsion
C006,S185,S158,2026-04-20 21:49:54.220273,0.5523412986752045,Dismissed,3,MATH,Warning
C007,S104,S127,2026-06-28 21:49:54.225590,0.4827162340078166,Dismissed,0,MATH,Suspension
C007,S153,S157,2026-07-02 21:49:54.225590,0.4890062005877746,Dismissed,1,CHEM,Warning
C007,S124,S102,2026-07-01 21:49:54.225590,0.8779406877930628,Upheld,2,CHEM,None
C007,S043,S078,2026-06-29 21:49:54.225590,0.2740517712048624,Upheld,3,CHEM,None
C008,S164,S009,2026-06-29 21:49:54.227891,0.7387137031464408,Dismissed,0,MATH,Warning
C008,S075,S190,2026-06-28 21:49:54.227891,0.6611246320794237,Appealed,1,PHYS,Warning
C008,S003,S014,2026-06-26 21:49:54.227891,0.7875234626366351,Appealed,2,ENG,Probation
C008,S153,S094,2026-07-01 21:49:54.227891,0.3896659590562414,Upheld,3,MATH,Probation
C008,S179,S111,2026-06-23 21:49:54.227891,0.39977971000900986,Dismissed,4,PHYS,None
C008,S051,S087,2026-06-27 21:49:54.227891,0.4161313368037511,Upheld,5,PHYS,Warning
C008,S006,S057,2026-06-26 21:49:54.227891,0.5308811539410451,Appealed,6,ENG,Warning
C008,S080,S178,2026-07-02 21:49:54.227891,0.15518117293052783,Pending,7,BIO,Suspension
C008,S113,S113,2026-06-27 21:49:54.227891,0.7997827973145586,Dismissed,8,PHYS,Probation
C008,S158,S027,2026-06-29 21:49:54.227891,0.8042036493941176,Upheld,9,PHYS,Probation
C009,S069,S112,2026-05-21 21:49:54.248364,0.7133703294906477,Dismissed,0,PHYS,Warning
C009,S034,S197,2026-05-15 21:49:54.248364,0.5761891511070427,Upheld,1,CHEM,Expulsion
C009,S010,S050,2026-05-17 21:49:54.248364,0.6676159498857539,Dismissed,2,ENG,Probation
C009,S006,S011,2026-05-17 21:49:54.248364,0.765142473257962,Upheld,3,ENG,Probation
C009,S090,S099,2026-05-16 21:49:54.248364,0.2920297469279143,Upheld,4,CHEM,Warning
C009,S147,S085,2026-05-15 21:49:54.248364,0.375312474626899,Dismissed,5,MATH,Warning
C009,S138,S054,2026-05-20 21:49:54.248364,0.31208326236002343,Dismissed,6,MATH,Warning
C009,S016,S015,2026-05-16 21:49:54.248364,0.6411193814506829,Dismissed,7,CHEM,Warning
C009,S117,S044,2026-05-14 21:49:54.248364,0.534895802556306,Dismissed,8,PHYS,Probation
C009,S130,S021,2026-05-18 21:49:54.248364,0.7182376744182493,Upheld,9,BIO,Probation
C009,S138,S112,2026-05-18 21:49:54.248364,0.6676487269497011,Upheld,10,ENG,None
C009,S014,S067,2026-05-18 21:49:54.248364,0.8317824282831621,Appealed,11,BIO,Probation
C010,S179,S057,2026-07-07 21:49:54.275970,0.5011074902511777,Upheld,0,CHEM,Probation
C010,S123,S083,2026-07-05 21:49:54.275970,0.8442580780951763,Dismissed,1,CS,Expulsion
C011,S153,S172,2026-04-29 21:49:54.278033,0.8875516498721397,Upheld,0,BIO,Warning
C011,S015,S026,2026-04-30 21:49:54.278033,0.8126842229478672,Dismissed,1,CHEM,Probation
C011,S024,S098,2026-04-27 21:49:54.278033,0.6597680172288882,Upheld,2,BIO,Probation
C012,S185,S070,2026-06-22 21:49:54.285036,0.8040305971033858,Pending,0,PHYS,Warning
C012,S129,S191,2026-06-23 21:49:54.285036,0.27545404528914086,Upheld,1,ENG,Warning
C012,S013,S039,2026-06-17 21:49:54.285036,0.9473251142754179,Upheld,2,PHYS,Warning
C012,S067,S002,2026-06-20 21:49:54.285036,0.5494923265154925,Pending,3,CHEM,None
C012,S112,S097,2026-06-20 21:49:54.285036,0.4825831793562486,Upheld,4,CS,None
C012,S069,S027,2026-06-17 21:49:54.285036,0.627362918932916,Dismissed,5,CS,Suspension
C012,S161,S027,2026-06-20 21:49:54.285036,0.714371142886527,Upheld,6,PHYS,Probation
C013,S121,S126,2026-05-05 21:49:54.293465,0.5752138203509868,Dismissed,0,PHYS,Probation
C013,S042,S135,2026-05-02 21:49:54.293465,0.51106099859528,Appealed,1,MATH,Probation
C013,S166,S045,2026-04-30 21:49:54.293465,0.835441886467905,Dismissed,2,CHEM,Warning
C013,S190,S075,2026-05-03 21:49:54.293465,0.28517716260143405,Upheld,3,MATH,Warning
C013,S092,S059,2026-05-05 21:49:54.293465,0.843054541022104,Appealed,4,PHYS,Suspension
C013,S066,S160,2026-05-05 21:49:54.293465,0.4679521823282602,Dismissed,5,ENG,Warning
C013,S108,S021,2026-04-29 21:49:54.293465,0.36711740099971485,Dismissed,6,ENG,Warning
C013,S050,S046,2026-05-02 21:49:54.293465,0.7530549883819743,Upheld,7,BIO,Probation
C013,S109,S086,2026-05-05 21:49:54.293465,0.4621808815497978,Upheld,8,PHYS,Warning
C013,S118,S034,2026-05-05 21:49:54.293465,0.7166443723510195,Upheld,9,CS,Probation
C013,S118,S126,2026-05-04 21:49:54.293465,0.5682802555246019,Upheld,10,CHEM,Warning
C014,S116,S057,2026-07-08 21:49:54.308101,0.21129744121077923,Dismissed,0,PHYS,None
C014,S096,S009,2026-07-07 21:49:54.308101,0.44656150430304337,Dismissed,1,CHEM,Warning
C014,S127,S198,2026-07-07 21:49:54.308101,0.5255172823544243,Pending,2,ENG,Probation
C014,S121,S128,2026-07-06 21:49:54.308101,0.6755771413233997,Upheld,3,CS,None
C014,S056,S023,2026-07-09 21:49:54.308101,0.5890959342472714,Upheld,4,ENG,None
C014,S030,S154,2026-07-06 21:49:54.308101,0.5559342311080068,Upheld,5,CHEM,Warning
C014,S191,S156,2026-07-07 21:49:54.308101,0.2550595596896154,Pending,6,CHEM,Warning
C014,S102,S140,2026-07-06 21:49:54.308101,0.7385821857485863,Upheld,7,MATH,Probation
C014,S077,S134,2026-07-07 21:49:54.308101,0.6466525775687908,Dismissed,8,CS,None
C014,S176,S035,2026-07-10 21:49:54.308101,0.7395579090985314,Upheld,9,ENG,Suspension
C015,S050,S185,2026-07-24 21:49:54.326057,0.7034509611810335,Dismissed,0,PHYS,Warning
C015,S148,S189,2026-07-21 21:49:54.326057,0.7636700819103287,Dismissed,1,CS,None
C015,S053,S051,2026-07-19 21:49:54.326057,0.33758520675335546,Pending,2,PHYS,Warning
C015,S015,S080,2026-07-27 21:49:54.326057,0.7144607847689205,Dismissed,3,PHYS,Suspension
C015,S075,S008,2026-07-23 21:49:54.326057,0.6261173560242119,Appealed,4,MATH,Warning
C016,S165,S115,2026-04-06 21:49:54.332298,0.76403925766317,Pending,0,MATH,Expulsion
C016,S172,S060,2026-04-04 21:49:54.332298,0.8016924675157364,Appealed,1,CHEM,None
C016,S079,S031,2026-04-01 21:49:54.332298,0.5556703560294154,Appealed,2,ENG,Expulsion
C017,S019,S134,2026-06-29 21:49:54.336370,0.5253112951728531,Upheld,0,ENG,Suspension
C017,S006,S013,2026-06-27 21:49:54.336370,0.8480728436715972,Upheld,1,BIO,Suspension
C017,S041,S100,2026-06-28 21:49:54.336370,0.37668686402640866,Dismissed,2,CS,Suspension
C017,S118,S188,2026-06-26 21:49:54.336370,0.505868612270803,Pending,3,CS,Warning
C017,S160,S007,2026-06-28 21:49:54.336370,0.7750300928582267,Dismissed,4,CHEM,None
C017,S017,S139,2026-06-25 21:49:54.336370,0.5616363328969557,Upheld,5,MATH,Probation
C017,S200,S170,2026-06-27 21:49:54.336370,0.7043465649613825,Upheld,6,MATH,Suspension
C017,S169,S176,2026-06-25 21:49:54.336370,0.6770103920656477,Dismissed,7,PHYS,Probation
C017,S172,S047,2026-06-24 21:49:54.336370,0.3869056910467481,Appealed,8,MATH,None
C017,S041,S055,2026-07-02 21:49:54.336370,0.6536113939583523,Dismissed,9,MATH,None
C018,S017,S082,2026-06-08 21:49:54.344778,0.8070304536810775,Appealed,0,PHYS,Probation
C018,S173,S003,2026-06-11 21:49:54.344778,0.2406783677209768,Dismissed,1,ENG,Probation
C018,S189,S015,2026-06-10 21:49:54.344778,0.7466527051895451,Upheld,2,MATH,Warning
C018,S140,S112,2026-06-10 21:49:54.344778,0.8137105975419773,Upheld,3,CS,Warning
C018,S064,S020,2026-06-08 21:49:54.344778,0.8919939297186175,Appealed,4,MATH,Suspension
C018,S083,S178,2026-06-10 21:49:54.344778,0.4993275934823442,Upheld,5,BIO,Probation
C018,S019,S157,2026-06-08 21:49:54.344778,0.38192114639849606,Upheld,6,MATH,Probation
C018,S043,S117,2026-06-12 21:49:54.344778,0.5695706708293032,Dismissed,7,ENG,Expulsion
C018,S004,S137,2026-06-12 21:49:54.344778,0.7007388025224051,Pending,8,MATH,Warning
C018,S196,S155,2026-06-10 21:49:54.344778,0.7663485289683879,Dismissed,9,MATH,None
C018,S128,S033,2026-06-11 21:49:54.344778,0.7851983699691625,Dismissed,10,MATH,Warning
C018,S036,S129,2026-06-10 21:49:54.344778,0.42583509618300946,Appealed,11,MATH,Suspension
C018,S026,S174,2026-06-13 21:49:54.344778,0.8020909700776396,Dismissed,12,MATH,Warning
C018,S165,S175,2026-06-11 21:49:54.344778,0.25989560370020887,Upheld,13,MATH,Expulsion
C018,S106,S198,2026-06-13 21:49:54.344778,0.881180783910185,Upheld,14,PHYS,Suspension
C019,S133,S161,2026-08-13 21:49:54.367053,0.628184621327418,Upheld,0,PHYS,Probation
C019,S078,S079,2026-08-11 21:49:54.367053,0.5711742117297341,Upheld,1,CS,Probation
C019,S138,S021,2026-08-14 21:49:54.367053,0.22218310802160987,Upheld,2,BIO,None
C019,S119,S143,2026-08-12 21:49:54.367053,0.5947881134667443,Dismissed,3,ENG,Suspension
C019,S166,S175,2026-08-09 21:49:54.367053,0.8889039487807492,Upheld,4,MATH,Warning
C019,S085,S153,2026-08-11 21:49:54.367053,0.5478536037094028,Appealed,5,CS,None
C019,S035,S161,2026-08-12 21:49:54.367053,0.49073975831372035,Dismissed,6,BIO,Suspension
C019,S131,S176,2026-08-10 21:49:54.367053,0.6835597682855304,Dismissed,7,CHEM,Expulsion
C019,S107,S128,2026-08-11 21:49:54.367053,0.6414602088727492,Upheld,8,BIO,Probation
C019,S189,S041,2026-08-09 21:49:54.367053,0.46057574036221977,Pending,9,BIO,Suspension
C019,S060,S198,2026-08-14 21:49:54.367053,0.507756747217873,Pending,10,BIO,Warning
C019,S140,S118,2026-08-10 21:49:54.367053,0.8475563423704973,Dismissed,11,MATH,None
C019,S083,S151,2026-08-07 21:49:54.367053,0.7416637703174104,Upheld,12,MATH,Warning
C020,S128,S101,2026-03-21 21:49:54.381100,0.7713727318311604,Upheld,0,BIO,Warning
C020,S060,S138,2026-03-19 21:49:54.381100,0.11723697027181348,Upheld,1,ENG,Warning
C020,S106,S099,2026-03-20 21:49:54.381100,0.7190230177742567,Appealed,2,MATH,Warning
C020,S062,S024,2026-03-18 21:49:54.381100,0.19908375600134184,Pending,3,MATH,Probation
C020,S122,S200,2026-03-16 21:49:54.381100,0.43356881965908467,Appealed,4,BIO,None
C021,S176,S034,2026-04-11 21:49:54.390139,0.6430615060105892,Pending,0,CS,Probation
C021,S074,S097,2026-04-13 21:49:54.390139,0.6170487333019865,Upheld,1,PHYS,Suspension
C021,S180,S020,2026-04-12 21:49:54.390139,0.7290529437536868,Appealed,2,ENG,Expulsion
C021,S037,S177,2026-04-12 21:49:54.390139,0.46577051743621,Upheld,3,ENG,Warning
C021,S123,S076,2026-04-14 21:49:54.390139,0.7571963590636794,Dismissed,4,CHEM,Warning
C021,S088,S111,2026-04-15 21:49:54.390139,0.7852153812770384,Dismissed,5,MATH,None
C022,S141,S021,2026-06-03 21:49:54.393706,0.7004325800104123,Dismissed,0,MATH,Warning
C022,S170,S172,2026-06-10 21:49:54.393706,0.7939853319056736,Appealed,1,BIO,Warning
C022,S112,S050,2026-06-07 21:49:54.393706,0.5092643680455297,Dismissed,2,ENG,Probation
C022,S124,S006,2026-06-06 21:49:54.393706,0.6216005821023782,Upheld,3,CS,None
C022,S005,S001,2026-06-06 21:49:54.393706,0.818216363150146,Upheld,4,PHYS,Warning
C023,S068,S054,2026-04-29 21:49:54.405900,0.8965875434080944,Dismissed,0,CS,Warning
C023,S007,S089,2026-04-26 21:49:54.405900,0.6650273447967886,Upheld,1,BIO,Warning
C023,S088,S090,2026-05-03 21:49:54.405900,0.5550700811358389,Pending,2,ENG,Suspension
C023,S071,S174,2026-04-27 21:49:54.405900,0.5345198954259782,Pending,3,BIO,Probation
C023,S037,S093,2026-04-30 21:49:54.405900,0.9097911725026667,Upheld,4,ENG,None
C023,S107,S168,2026-04-27 21:49:54.405900,0.8970199949702992,Dismissed,5,BIO,Warning
C023,S009,S040,2026-05-05 21:49:54.405900,0.7181293559351769,Dismissed,6,CS,Probation
C023,S050,S133,2026-05-01 21:49:54.405900,0.771894855195011,Appealed,7,CHEM,Probation
C024,S051,S106,2026-04-19 21:49:54.428494,0.40156353754617685,Appealed,0,MATH,None
C024,S144,S168,2026-04-16 21:49:54.428494,0.4527755643616482,Appealed,1,CHEM,Probation
C024,S157,S160,2026-04-19 21:49:54.428494,0.41077305555385346,Upheld,2,PHYS,Probation
C024,S119,S128,2026-04-14 21:49:54.428494,0.597485378634685,Upheld,3,MATH,Expulsion
C024,S082,S135,2026-04-17 21:49:54.428494,0.8059253617738896,Appealed,4,ENG,Probation
C024,S033,S124,2026-04-20 21:49:54.428494,0.30217875154287344,Dismissed,5,CS,Warning
C024,S195,S139,2026-04-16 21:49:54.428494,0.6262187598727774,Pending,6,BIO,Probation
C025,S174,S148,2026-05-07 21:49:54.445540,0.7407678785780293,Upheld,0,CHEM,None
C025,S062,S147,2026-05-07 21:49:54.445540,0.8248325224829823,Upheld,1,CHEM,Probation
C025,S096,S072,2026-05-04 21:49:54.445540,0.8870704154950739,Dismissed,2,CS,Warning
C025,S040,S118,2026-05-03 21:49:54.445540,0.4995887480689538,Upheld,3,CS,None
C026,S030,S168,2026-04-19 21:49:54.457948,0.4199291426499204,Dismissed,0,ENG,Expulsion
C026,S086,S005,2026-04-20 21:49:54.457948,0.2116056119591609,Upheld,1,CHEM,Suspension
C026,S120,S152,2026-04-23 21:49:54.457948,0.5972047575693579,Pending,2,MATH,Probation
C026,S077,S177,2026-04-23 21:49:54.457948,0.5457307229707311,Pending,3,BIO,Probation
C026,S110,S006,2026-04-18 21:49:54.457948,0.2555430374100637,Dismissed,4,BIO,Probation
C026,S032,S001,2026-04-19 21:49:54.457948,0.6912951517744627,Dismissed,5,ENG,Probation
C026,S200,S112,2026-04-20 21:49:54.457948,0.3158480958221605,Dismissed,6,CHEM,Probation
C026,S144,S146,2026-04-20 21:49:54.457948,0.8098544878602641,Dismissed,7,MATH,Probation
C026,S028,S136,2026-04-20 21:49:54.457948,0.8923816871796164,Upheld,8,CHEM,Warning
C026,S175,S028,2026-04-18 21:49:54.457948,0.5563577053677501,Dismissed,9,CS,Probation
C027,S156,S172,2026-06-09 21:49:54.514878,0.7544672353146968,Upheld,0,PHYS,None
C027,S058,S169,2026-06-12 21:49:54.514878,0.4600936606795615,Dismissed,1,CS,None
C027,S007,S151,2026-06-11 21:49:54.514878,0.5328769498788494,Upheld,2,MATH,Suspension
C027,S117,S157,2026-06-15 21:49:54.514878,0.4310993807597991,Dismissed,3,MATH,None
C028,S119,S168,2026-05-13 21:49:54.518503,0.82754781075718,Dismissed,0,ENG,Probation
C028,S152,S055,2026-05-13 21:49:54.518503,0.7191913167180807,Dismissed,1,CHEM,Warning
C028,S189,S012,2026-05-12 21:49:54.518503,0.49655464018641854,Pending,2,ENG,Warning
C028,S177,S070,2026-05-12 21:49:54.518503,0.818478233884528,Upheld,3,CHEM,Suspension
C028,S125,S159,2026-05-12 21:49:54.518503,0.7716278906076508,Upheld,4,PHYS,Expulsion
C028,S057,S002,2026-05-16 21:49:54.518503,0.8753136312809713,Pending,5,CS,Warning
C028,S002,S078,2026-05-13 21:49:54.518503,0.5094802119379552,Pending,6,CHEM,None
C029,S089,S193,2026-05-16 21:49:54.524418,0.8136816701245472,Dismissed,0,PHYS,Expulsion
C029,S090,S089,2026-05-20 21:49:54.524418,0.3777661975828774,Upheld,1,CHEM,Probation
C029,S061,S058,2026-05-17 21:49:54.524418,0.9602883849513293,Upheld,2,ENG,Warning
C029,S039,S058,2026-05-16 21:49:54.524418,0.5990034042534027,Upheld,3,PHYS,Probation
C029,S037,S053,2026-05-20 21:49:54.524418,0.20670771847699593,Dismissed,4,CHEM,None
C029,S056,S144,2026-05-17 21:49:54.524418,0.5452316846646238,Upheld,5,ENG,Suspension
C029,S133,S080,2026-05-19 21:49:54.524418,0.4117766369346388,Dismissed,6,PHYS,Probation
C029,S033,S051,2026-05-16 21:49:54.524418,0.5616943237931786,Pending,7,MATH,Probation
C029,S135,S020,2026-05-18 21:49:54.524418,0.895513072686105,Dismissed,8,ENG,Probation
C029,S100,S011,2026-05-16 21:49:54.524418,0.8934060627598989,Dismissed,9,CHEM,None
C029,S053,S195,2026-05-19 21:49:54.524418,0.7270201267959273,Dismissed,10,CS,Probation
C029,S005,S012,2026-05-19 21:49:54.524418,0.3169555213339057,Upheld,11,CHEM,None
C029,S179,S147,2026-05-16 21:49:54.524418,0.3649202310485694,Dismissed,12,BIO,None
C029,S017,S192,2026-05-17 21:49:54.524418,0.31486589516863367,Dismissed,13,PHYS,Warning
C029,S053,S052,2026-05-18 21:49:54.524418,0.42309501156285495,Dismissed,14,MATH,Expulsion
C029,S088,S104,2026-05-16 21:49:54.524418,0.5755196256946224,Dismissed,15,PHYS,None
C030,S044,S071,2026-05-21 21:49:54.545100,0.5693493902463623,Dismissed,0,CHEM,Probation
C030,S025,S098,2026-05-15 21:49:54.545100,0.7088549225759208,Dismissed,1,CHEM,Warning
C030,S135,S022,2026-05-17 21:49:54.545100,0.33397644186180164,Upheld,2,ENG,Warning
C030,S198,S016,2026-05-17 21:49:54.545100,0.7853713946623986,Dismissed,3,CHEM,Probation
C030,S176,S042,2026-05-20 21:49:54.545100,0.6368174995517606,Upheld,4,MATH,Expulsion
C030,S030,S167,2026-05-23 21:49:54.545100,0.5759419775209415,Appealed,5,ENG,Expulsion
C030,S030,S175,2026-05-21 21:49:54.545100,0.28597393798451914,Pending,6,BIO,Probation
C030,S106,S167,2026-05-16 21:49:54.545100,0.8084381954069061,Dismissed,7,BIO,Probation
C030,S047,S183,2026-05-19 21:49:54.545100,0.8282269236123924,Pending,8,ENG,Warning
C030,S088,S020,2026-05-18 21:49:54.545100,0.7520446049930151,Upheld,9,CS,Warning
C031,S064,S162,2026-05-31 21:49:54.564013,0.5660802920647623,Dismissed,0,PHYS,Warning
C031,S090,S086,2026-06-01 21:49:54.564013,0.878795932589622,Dismissed,1,MATH,None
C031,S091,S195,2026-06-02 21:49:54.564013,0.3036066518478752,Upheld,2,CS,Warning
C031,S090,S063,2026-05-31 21:49:54.564013,0.6008549893423506,Dismissed,3,CHEM,Warning
C031,S020,S062,2026-06-04 21:49:54.564013,0.7552825103810905,Pending,4,ENG,Warning
C031,S158,S154,2026-06-01 21:49:54.564013,0.8461412925312273,Dismissed,5,PHYS,Probation
C031,S093,S008,2026-06-08 21:49:54.564013,0.15553062771029297,Upheld,6,MATH,None
C031,S191,S031,2026-06-03 21:49:54.564013,0.7548021260138955,Upheld,7,CHEM,Suspension
C031,S162,S170,2026-06-04 21:49:54.564013,0.5706424195682618,Pending,8,PHYS,None
C031,S092,S109,2026-05-31 21:49:54.564013,0.22279321257312526,Dismissed,9,CHEM,Expulsion
C031,S113,S116,2026-06-01 21:49:54.564013,0.9442684338588896,Upheld,10,CHEM,Suspension
C031,S082,S084,2026-06-01 21:49:54.564013,0.7243610425858846,Upheld,11,PHYS,None
C031,S060,S073,2026-06-02 21:49:54.564013,0.32128578938207725,Pending,12,ENG,Probation
C031,S174,S073,2026-06-02 21:49:54.564013,0.5789851817754543,Pending,13,PHYS,Warning
C032,S118,S155,2026-03-30 21:49:54.590382,0.5601274920470045,Pending,0,CHEM,Warning
C032,S068,S112,2026-03-30 21:49:54.590382,0.5135292761064907,Upheld,1,MATH,Probation
C032,S074,S198,2026-03-30 21:49:54.590382,0.2653091302159494,Upheld,2,CS,Warning
C032,S011,S200,2026-03-31 21:49:54.590382,0.8631361323695875,Dismissed,3,CHEM,Warning
C032,S186,S068,2026-03-30 21:49:54.590382,0.4285105553613077,Pending,4,ENG,Probation
C032,S031,S107,2026-03-28 21:49:54.590382,0.8305322048074529,Dismissed,5,PHYS,Warning
C032,S149,S040,2026-04-02 21:49:54.590382,0.5538280425963004,Dismissed,6,CHEM,None
C032,S067,S130,2026-03-27 21:49:54.590382,0.10047402611168695,Dismissed,7,PHYS,Suspension
C033,S140,S061,2026-03-25 21:49:54.607636,0.8115942060271168,Dismissed,0,PHYS,Suspension
C033,S071,S178,2026-03-27 21:49:54.607636,0.35620431628996774,Pending,1,PHYS,Warning
C033,S176,S182,2026-03-30 21:49:54.607636,0.788790322023331,Upheld,2,CHEM,Warning
C033,S023,S169,2026-03-25 21:49:54.607636,0.43994980079609936,Pending,3,BIO,Warning
C033,S163,S169,2026-03-22 21:49:54.607636,0.8206766742495964,Upheld,4,ENG,Probation
C033,S108,S128,2026-03-25 21:49:54.607636,0.5650759403577137,Dismissed,5,MATH,None
C033,S156,S042,2026-03-27 21:49:54.607636,0.8401751686467963,Appealed,6,CS,Probation
C033,S161,S047,2026-03-23 21:49:54.607636,0.7440377543061452,Pending,7,PHYS,Probation
C033,S141,S108,2026-03-25 21:49:54.607636,0.8435754057639756,Upheld,8,CS,Suspension
C033,S078,S184,2026-03-22 21:49:54.607636,0.5326239570859067,Appealed,9,MATH,Suspension
C033,S118,S001,2026-03-24 21:49:54.607636,0.6474023614096117,Dismissed,10,CS,None
C033,S027,S011,2026-03-25 21:49:54.607636,0.39344584487455453,Upheld,11,ENG,None
C033,S161,S017,2026-03-24 21:49:54.607636,0.7986501447233778,Pending,12,CS,Probation
C033,S158,S101,2026-03-27 21:49:54.607636,0.6841151299370697,Upheld,13,ENG,None
C033,S165,S141,2026-03-22 21:49:54.607636,0.6007883964255423,Pending,14,BIO,Warning
C033,S196,S129,2026-03-25 21:49:54.607636,0.6647898424873658,Upheld,15,MATH,None
C034,S146,S030,2026-06-27 21:49:54.619402,0.5569468741518324,Appealed,0,PHYS,None
C034,S173,S173,2026-06-26 21:49:54.619402,0.4645556465573616,Appealed,1,ENG,Probation
C034,S075,S026,2026-06-28 21:49:54.619402,0.6703761392912531,Pending,2,ENG,Suspension
C034,S013,S165,2026-06-26 21:49:54.619402,0.7961190247528843,Pending,3,CHEM,Warning
C034,S017,S140,2026-06-26 21:49:54.619402,0.430002530315814,Appealed,4,PHYS,Warning
C035,S131,S187,2026-05-22 21:49:54.622194,0.8377631814195691,Pending,0,CHEM,Probation
C035,S175,S104,2026-05-21 21:49:54.622194,0.3375525139799333,Pending,1,BIO,Warning
C035,S069,S038,2026-05-19 21:49:54.622194,0.5642823443504569,Dismissed,2,MATH,Warning
C035,S176,S085,2026-05-24 21:49:54.622194,0.6550936511216995,Dismissed,3,MATH,None
C035,S131,S032,2026-05-21 21:49:54.622194,0.7815481274261364,Upheld,4,PHYS,None
C035,S055,S111,2026-05-22 21:49:54.622194,0.9234757993838578,Upheld,5,ENG,None
C035,S187,S090,2026-05-25 21:49:54.622194,0.5111380913020424,Upheld,6,ENG,Expulsion
C035,S093,S197,2026-05-21 21:49:54.622194,0.8535453130403877,Appealed,7,ENG,Probation
C035,S039,S046,2026-05-20 21:49:54.622194,0.6953219240928364,Upheld,8,PHYS,Expulsion
C035,S069,S004,2026-05-25 21:49:54.622194,0.5245961280343723,Pending,9,CHEM,Warning
C035,S030,S037,2026-05-29 21:49:54.622194,0.6713941439504875,Appealed,10,PHYS,Expulsion
C035,S082,S172,2026-05-23 21:49:54.622194,0.6680466823014285,Dismissed,11,BIO,Warning
C035,S035,S070,2026-05-22 21:49:54.622194,0.8158008466672926,Upheld,12,MATH,Warning
C035,S051,S010,2026-05-18 21:49:54.622194,0.6161211530863855,Dismissed,13,BIO,Expulsion
C035,S053,S079,2026-05-19 21:49:54.622194,0.2581475269000592,Upheld,14,ENG,Expulsion
C036,S121,S167,2026-04-11 21:49:54.630583,0.7336244147634229,Dismissed,0,BIO,Expulsion
C036,S082,S088,2026-04-10 21:49:54.630583,0.33544720378309384,Pending,1,PHYS,Warning
C036,S025,S131,2026-04-14 21:49:54.630583,0.9488922949846342,Upheld,2,ENG,Warning
C036,S007,S132,2026-04-14 21:49:54.630583,0.6903056830575877,Upheld,3,ENG,Expulsion
C036,S175,S020,2026-04-11 21:49:54.630583,0.5992123773538393,Upheld,4,BIO,None
C036,S147,S177,2026-04-11 21:49:54.630583,0.7121139058761857,Dismissed,5,MATH,None
C036,S001,S140,2026-04-11 21:49:54.630583,0.6632250592997297,Upheld,6,PHYS,Suspension
C036,S156,S052,2026-04-11 21:49:54.630583,0.3607239316925716,Dismissed,7,PHYS,Probation
C036,S128,S041,2026-04-11 21:49:54.630583,0.7186260636096239,Upheld,8,CHEM,None
C037,S029,S092,2026-06-08 21:49:54.639176,0.33885224529729946,Dismissed,0,ENG,Warning
C037,S074,S133,2026-06-08 21:49:54.639176,0.5528502515737761,Dismissed,1,CHEM,Warning
C037,S183,S099,2026-06-08 21:49:54.639176,0.9742445391349819,Pending,2,PHYS,Probation
C037,S137,S100,2026-06-08 21:49:54.639176,0.21974526347066403,Upheld,3,PHYS,Suspension
C037,S042,S099,2026-06-09 21:49:54.639176,0.8979653297412332,Appealed,4,CHEM,Expulsion
C037,S040,S175,2026-06-11 21:49:54.639176,0.29966200516495695,Dismissed,5,CS,Probation
C037,S003,S155,2026-06-06 21:49:54.639176,0.8901062041699058,Appealed,6,PHYS,None
C038,S028,S103,2026-03-22 21:49:54.645033,0.7485327958652095,Pending,0,PHYS,Warning
C038,S117,S068,2026-03-20 21:49:54.645033,0.7613312100095097,Upheld,1,CS,Expulsion
C038,S065,S068,2026-03-20 21:49:54.645033,0.4071944525366341,Upheld,2,CHEM,Expulsion
C038,S107,S047,2026-03-20 21:49:54.645033,0.14907568412523337,Dismissed,3,ENG,Probation
C038,S015,S193,2026-03-17 21:49:54.645033,0.4717311375412537,Upheld,4,MATH,Expulsion
C039,S117,S110,2026-07-11 21:49:54.648625,0.4616035552703298,Appealed,0,BIO,Suspension
C039,S045,S194,2026-07-11 21:49:54.648625,0.6693683671010128,Pending,1,BIO,Suspension
C039,S024,S005,2026-07-12 21:49:54.648625,0.1074843291929075,Appealed,2,CS,Probation
C039,S190,S131,2026-07-13 21:49:54.648625,0.7494054048049481,Dismissed,3,BIO,Warning
C039,S120,S105,2026-07-13 21:49:54.648625,0.8561655529741297,Upheld,4,MATH,Probation
C039,S038,S097,2026-07-15 21:49:54.648625,0.7737952917879495,Pending,5,ENG,Probation
C039,S130,S098,2026-07-12 21:49:54.648625,0.8210410142223378,Dismissed,6,CS,Probation
C039,S105,S152,2026-07-09 21:49:54.648625,0.6468482986069951,Pending,7,BIO,Probation
C039,S157,S149,2026-07-08 21:49:54.648625,0.894759832637281,Appealed,8,CHEM,Warning
C039,S019,S138,2026-07-09 21:49:54.648625,0.5412241861172372,Upheld,9,ENG,None
C039,S079,S174,2026-07-15 21:49:54.648625,0.24515197097443123,Pending,10,PHYS,Probation
C039,S028,S186,2026-07-10 21:49:54.648625,0.38164280236364206,Upheld,11,BIO,Warning
C039,S016,S032,2026-07-12 21:49:54.648625,0.5202909933556937,Appealed,12,PHYS,Expulsion
C039,S055,S023,2026-07-13 21:49:54.648625,0.7864615656343162,Upheld,13,MATH,Expulsion
C039,S061,S108,2026-07-14 21:49:54.648625,0.5147697568365998,Dismissed,14,ENG,Warning
C039,S022,S045,2026-07-11 21:49:54.648625,0.5310270168470325,Dismissed,15,MATH,Expulsion
C039,S056,S193,2026-07-16 21:49:54.648625,0.2728250492980791,Upheld,16,CS,Expulsion
C040,S198,S019,2026-04-04 21:49:54.657795,0.8238790554925324,Dismissed,0,BIO,Warning
C040,S119,S127,2026-04-08 21:49:54.657795,0.7300474127547563,Appealed,1,BIO,Warning
C040,S169,S159,2026-04-05 21:49:54.657795,0.5687150655400853,Upheld,2,ENG,Suspension
C040,S138,S110,2026-04-09 21:49:54.657795,0.9039363916870367,Pending,3,PHYS,None
C040,S154,S010,2026-04-06 21:49:54.657795,0.6201556994965407,Pending,4,BIO,None
C040,S122,S024,2026-04-07 21:49:54.657795,0.9634083392908843,Dismissed,5,ENG,Probation
C040,S028,S096,2026-04-06 21:49:54.657795,0.9454634820769275,Upheld,6,CHEM,Expulsion
C040,S043,S135,2026-04-12 21:49:54.657795,0.7129823117821285,Upheld,7,ENG,Expulsion
C040,S009,S139,2026-04-07 21:49:54.657795,0.7424706915498598,Pending,8,PHYS,None
C040,S122,S092,2026-04-07 21:49:54.657795,0.6697354217469121,Dismissed,9,MATH,Suspension
C040,S050,S063,2026-04-10 21:49:54.657795,0.4337223693295126,Dismissed,10,MATH,Suspension
C040,S185,S058,2026-04-10 21:49:54.657795,0.8221495950981204,Upheld,11,ENG,Probation
C040,S054,S123,2026-04-12 21:49:54.657795,0.5137892688395601,Appealed,12,ENG,Warning
C040,S064,S024,2026-04-12 21:49:54.657795,0.5462374699774305,Pending,13,ENG,Expulsion
C040,S055,S090,2026-04-05 21:49:54.657795,0.3072716313935787,Appealed,14,CS,Probation
C041,S092,S186,2026-06-25 21:49:54.667273,0.6726532621222778,Appealed,0,PHYS,None
C041,S195,S020,2026-06-20 21:49:54.667273,0.10814734870743967,Upheld,1,PHYS,None
C041,S166,S066,2026-06-20 21:49:54.667273,0.4666702658962188,Appealed,2,MATH,Probation
C041,S042,S103,2026-06-21 21:49:54.667273,0.5644673990614633,Dismissed,3,BIO,Warning
C041,S110,S123,2026-06-19 21:49:54.667273,0.3415904437018096,Pending,4,PHYS,Warning
C041,S060,S101,2026-06-23 21:49:54.667273,0.44151895839271543,Pending,5,ENG,Probation
C041,S014,S007,2026-06-20 21:49:54.667273,0.4783135052762465,Dismissed,6,MATH,None
C041,S073,S065,2026-06-22 21:49:54.667273,0.5905496155692601,Upheld,7,BIO,Warning
C042,S195,S128,2026-03-30 21:49:54.671911,0.7473966372460205,Dismissed,0,CHEM,Suspension
C042,S050,S037,2026-03-31 21:49:54.671911,0.39486835798715186,Dismissed,1,PHYS,Warning
C042,S042,S039,2026-04-03 21:49:54.671911,0.32319225000920676,Pending,2,MATH,Warning
C043,S164,S168,2026-06-29 21:49:54.673976,0.6834294931921869,Pending,0,MATH,Suspension
C043,S035,S025,2026-06-28 21:49:54.673976,0.35277073805144177,Dismissed,1,ENG,Warning
C043,S116,S181,2026-06-29 21:49:54.673976,0.8120563447545236,Upheld,2,CS,None
C043,S144,S178,2026-07-01 21:49:54.673976,0.6517057804794754,Pending,3,CHEM,Warning
C043,S061,S124,2026-06-29 21:49:54.673976,0.5141172509966297,Upheld,4,MATH,Suspension
C043,S120,S096,2026-06-29 21:49:54.673976,0.8370829323877309,Dismissed,5,MATH,Probation
C043,S072,S023,2026-06-27 21:49:54.673976,0.5066547822903085,Pending,6,BIO,Expulsion
C043,S160,S132,2026-06-29 21:49:54.673976,0.6975634855289944,Upheld,7,BIO,Warning
C043,S054,S121,2026-06-29 21:49:54.673976,0.6845170634025558,Upheld,8,MATH,Warning
C044,S115,S190,2026-07-31 21:49:54.679117,0.776954253140853,Appealed,0,BIO,None
C044,S076,S090,2026-07-30 21:49:54.679117,0.5385193558412954,Dismissed,1,MATH,Warning
C044,S151,S186,2026-07-30 21:49:54.679117,0.42885579059342954,Upheld,2,PHYS,None
C044,S098,S157,2026-07-31 21:49:54.679117,0.361071734391432,Pending,3,ENG,Suspension
C044,S044,S183,2026-07-31 21:49:54.679117,0.4699411517753002,Upheld,4,MATH,Suspension
C044,S062,S128,2026-08-02 21:49:54.679117,0.4548533670371477,Dismissed,5,CS,Probation
C044,S074,S054,2026-07-28 21:49:54.679117,0.4267975668528287,Upheld,6,BIO,Expulsion
C044,S014,S101,2026-07-30 21:49:54.679117,0.43933026002385683,Upheld,7,ENG,None
C044,S167,S186,2026-08-03 21:49:54.679117,0.3271326196806456,Upheld,8,CHEM,Probation
C044,S143,S034,2026-07-31 21:49:54.679117,0.5855465551094073,Appealed,9,CS,Expulsion
C044,S079,S166,2026-08-01 21:49:54.679117,0.8467625232967088,Dismissed,10,ENG,None
C044,S099,S153,2026-08-02 21:49:54.679117,0.7085338001973239,Upheld,11,CHEM,Warning
C044,S180,S197,2026-08-02 21:49:54.679117,0.8313783295409602,Dismissed,12,CHEM,Warning
C044,S095,S020,2026-07-30 21:49:54.679117,0.7460747221587396,Upheld,13,MATH,Expulsion
C044,S063,S116,2026-08-01 21:49:54.679117,0.5940749587828317,Dismissed,14,PHYS,Probation
C044,S175,S188,2026-07-30 21:49:54.679117,0.504191979829476,Dismissed,15,MATH,Warning
C044,S167,S138,2026-07-28 21:49:54.679117,0.8467011678247561,Dismissed,16,ENG,Suspension
C045,S118,S091,2026-07-31 21:49:54.688429,0.8913650080672127,Pending,0,ENG,Probation
C045,S030,S089,2026-07-31 21:49:54.688429,0.2828603276172539,Dismissed,1,PHYS,Probation
C045,S095,S091,2026-08-03 21:49:54.688429,0.2830071360409488,Upheld,2,MATH,Warning
C045,S099,S003,2026-08-01 21:49:54.688429,0.14409873527625144,Upheld,3,PHYS,Probation
C045,S200,S124,2026-07-29 21:49:54.688429,0.4951577429656651,Dismissed,4,CHEM,None
C045,S171,S136,2026-08-03 21:49:54.688429,0.8225326701095408,Upheld,5,MATH,Probation
C046,S140,S025,2026-07-23 21:49:54.691658,0.7059641269026657,Dismissed,0,CHEM,None
C046,S109,S018,2026-07-28 21:49:54.691658,0.4212800029663294,Upheld,1,MATH,Warning
C046,S038,S164,2026-07-24 21:49:54.691658,0.7888212691653437,Pending,2,CHEM,Warning
C046,S109,S102,2026-07-25 21:49:54.691658,0.4386118704067975,Appealed,3,CS,Warning
C046,S035,S065,2026-07-26 21:49:54.691658,0.6043784495148726,Pending,4,PHYS,Warning
C047,S161,S184,2026-05-29 21:49:54.694362,0.8911545542193593,Pending,0,BIO,Suspension
C047,S111,S184,2026-05-28 21:49:54.694362,0.3615370372550777,Upheld,1,PHYS,Probation
C047,S144,S033,2026-05-28 21:49:54.694362,0.8092341008864498,Dismissed,2,CS,Warning
C047,S124,S017,2026-06-01 21:49:54.694362,0.6326021124792104,Pending,3,CHEM,Probation
C047,S092,S070,2026-05-27 21:49:54.694362,0.8627464525731966,Upheld,4,CS,Probation
C047,S179,S163,2026-05-25 21:49:54.694362,0.8337807344338339,Upheld,5,PHYS,None
C047,S143,S113,2026-05-28 21:49:54.694362,0.8818663563303852,Upheld,6,ENG,Probation
C048,S199,S058,2026-04-04 21:49:54.698742,0.8251990634648496,Pending,0,CHEM,Warning
C048,S023,S191,2026-03-31 21:49:54.698742,0.6055472956230884,Dismissed,1,PHYS,None
C048,S013,S176,2026-03-31 21:49:54.698742,0.38705652772317295,Dismissed,2,BIO,Warning
C048,S187,S120,2026-04-02 21:49:54.698742,0.3103558241223409,Pending,3,PHYS,Warning
C048,S169,S048,2026-04-02 21:49:54.698742,0.47025592903887614,Upheld,4,CHEM,Warning
C048,S105,S146,2026-04-02 21:49:54.698742,0.5458296443382475,Dismissed,5,ENG,Probation
C048,S019,S065,2026-04-05 21:49:54.698742,0.638556426767147,Upheld,6,MATH,Expulsion
C048,S017,S193,2026-03-31 21:49:54.698742,0.5383778635728237,Pending,7,BIO,Warning
C048,S182,S124,2026-04-01 21:49:54.698742,0.6320011612988193,Pending,8,BIO,Probation
C048,S056,S008,2026-04-02 21:49:54.698742,0.4887372196407872,Upheld,9,BIO,Warning
C048,S045,S148,2026-03-30 21:49:54.698742,0.38561535082296294,Dismissed,10,PHYS,Warning
C048,S070,S020,2026-03-30 21:49:54.698742,0.6504376532412587,Upheld,11,MATH,Warning
C049,S067,S070,2026-07-16 21:49:54.705182,0.8361280056588498,Appealed,0,MATH,Warning
C049,S102,S086,2026-07-15 21:49:54.705182,0.3988615295324877,Appealed,1,ENG,Suspension
C049,S126,S183,2026-07-14 21:49:54.705182,0.7518084023640541,Upheld,2,MATH,Suspension
C049,S191,S198,2026-07-15 21:49:54.705182,0.045424149236744114,Upheld,3,BIO,Probation
C049,S056,S041,2026-07-12 21:49:54.705182,0.8791307649445204,Pending,4,CHEM,Suspension
C049,S018,S021,2026-07-16 21:49:54.705182,0.8057525590375462,Upheld,5,CS,Warning
C049,S042,S128,2026-07-18 21:49:54.705182,0.5851976266397435,Upheld,6,BIO,Probation
